{
    "loss": 20.436140060424805,
    "accuracy": 0.5467625856399536
}