{
    "loss": 1.4668864011764526,
    "accuracy": 0.8489208817481995
}